,customerID,predictions
0,7590-VHVEG,0
1,5575-GNVDE,0
2,3668-QPYBK,1
3,7795-CFOCW,0
4,9237-HQITU,1
5,9305-CDSKC,1
6,1452-KIOVK,0
7,6713-OKOMC,0
8,7892-POOKP,1
9,6388-TABGU,0
10,9763-GRSKD,0
11,7469-LKBCI,0
12,8091-TTVAX,0
13,0280-XJGEX,1
14,5129-JLPIS,0
15,3655-SNQYZ,0
16,8191-XWSZG,0
17,9959-WOFKT,0
18,4190-MFLUW,1
19,4183-MYFRB,0
20,8779-QRDMV,1
21,1680-VDCWW,0
22,1066-JKSGK,1
23,3638-WEABW,0
24,6322-HRPFA,0
25,6865-JZNKO,0
26,6467-CHFZW,1
27,8665-UTDHZ,1
28,5248-YGIJN,0
29,8773-HHUOZ,1
30,3841-NFECX,0
31,4929-XIHVW,0
32,6827-IEAUQ,0
33,7310-EGVHZ,0
34,3413-BMNZE,0
35,6234-RAAPL,0
36,6047-YHPVI,1
37,6572-ADKRS,0
38,5380-WJKOV,1
39,8168-UQWWF,1
40,8865-TNMNX,0
41,9489-DEDVP,0
42,9867-JCZSP,0
43,4671-VJLCL,0
44,4080-IIARD,0
45,3714-NTNFO,0
46,5948-UJZLF,0
47,7760-OYPDY,1
48,7639-LIAYI,0
49,2954-PIBKO,0
50,8012-SOUDQ,0
51,9420-LOJKX,1
52,6575-SUVOI,0
53,7495-OOKFY,1
54,4667-QONEA,0
55,1658-BYGOY,1
56,8769-KKTPH,0
57,5067-XJQFU,0
58,3957-SQXML,0
59,5954-BDFSG,0
60,0434-CSFON,0
61,1215-FIGMP,0
62,0526-SXDJP,0
63,0557-ASKVU,0
64,5698-BQJOH,1
65,5122-CYFXA,0
66,8627-ZYGSZ,0
67,3410-YOQBQ,0
68,3170-NMYVV,0
69,7410-OIEDU,0
70,2273-QCKXA,0
71,0731-EBJQB,0
72,1891-QRQSA,0
73,8028-PNXHQ,0
74,5630-AHZIL,0
75,2673-CXQEU,0
76,6416-JNVRK,0
77,5590-ZSKRV,0
78,0191-ZHSKZ,0
79,3887-PBQAO,0
80,5919-TMRGD,1
81,8108-UXRQN,0
82,9191-MYQKX,1
83,9919-YLNNG,0
84,0318-ZOPWS,0
85,4445-ZJNMU,0
86,4808-YNLEU,0
87,1862-QRWPE,0
88,2796-NNUFI,0
89,3016-KSVCP,0
90,4767-HZZHQ,0
91,2424-WVHPL,0
92,7233-PAHHL,0
93,6067-NGCEU,0
94,9848-JQJTX,0
95,8637-XJIVR,1
96,9803-FTJCG,0
97,0278-YXOOG,1
98,3212-KXOCR,0
99,4598-XLKNJ,1
100,6380-ARCEH,0
101,3679-XASPY,0
102,7123-WQUHX,0
103,5386-THSLQ,0
104,3192-NQECA,1
105,6180-YBIQI,0
106,6728-DKUCO,0
107,9750-BOOHV,0
108,8597-CWYHH,0
109,2848-YXSMW,0
110,0486-HECZI,1
111,4549-ZDQYY,0
112,5712-AHQNN,0
113,4846-WHAFZ,1
114,5256-SKJGO,0
115,3071-VBYPO,0
116,9560-BBZXK,0
117,5299-RULOA,1
118,8402-OOOHJ,0
119,9445-ZUEQE,0
120,1091-SOZGA,0
121,2928-HLDBA,0
122,0404-SWRVG,1
123,6497-TILVL,0
124,7219-TLZHO,0
125,4622-YNKIJ,0
126,4412-YLTKF,1
127,6734-PSBAW,0
128,3930-ZGWVE,0
129,2639-UGMAZ,0
130,2876-GZYZC,0
131,6207-WIOLX,1
132,8587-XYZSF,0
133,3091-FYHKI,1
134,2372-HWUHI,1
135,7799-LGRDP,0
136,7850-VWJUU,0
137,3774-VBNXY,0
138,6217-KDYWC,0
139,0390-DCFDQ,1
140,3146-MSEGF,0
141,4080-OGPJL,1
142,1095-WGNGG,0
143,2636-SJDOU,0
144,1131-QQZEB,0
145,5716-EZXZN,0
146,6837-BJYDQ,0
147,2135-RXIHG,1
148,6440-DKQGE,0
149,3466-BYAVD,0
150,3780-YVMFA,0
151,3874-EQOEP,1
152,1679-JRFBR,0
153,9073-ZZIAY,0
154,3077-RSNTJ,0
155,6551-GNYDG,0
156,9167-APMXZ,0
157,2749-CTKAJ,0
158,6371-NZYEG,0
159,7554-NEWDD,0
160,8992-VONJD,0
161,0867-MKZVY,1
162,4482-EWFMI,0
163,4648-YPBTM,0
164,2907-ILJBN,0
165,6345-FZOQH,0
166,3376-BMGFE,1
167,5997-OPVFA,0
168,3445-HXXGF,1
169,1159-WFSGR,0
170,7654-YWJUF,0
171,1875-QIVME,1
172,6727-IOTLZ,0
173,0691-JVSYA,1
174,5918-VUKWP,0
175,1744-JHKYS,0
176,2656-FMOKZ,1
177,2070-FNEXE,1
178,5947-SGKCL,0
179,3712-PKXZA,0
180,6317-YPKDH,1
181,6582-OIVSP,0
182,9367-WXLCH,1
183,5524-KHNJP,0
184,1918-ZBFQJ,1
185,1024-GUALD,1
186,4827-USJHP,0
187,8167-GJLRN,0
188,0956-SYCWG,0
189,8017-UVSZU,0
190,7100-FQPRV,0
191,2472-OVKUP,1
192,2984-RGEYA,0
193,9680-NIAUV,0
194,2146-EGVDT,0
195,2604-IJPDU,0
196,9178-JHUVJ,0
197,6168-YBYNP,0
198,7255-SSFBC,0
199,3645-DEYGF,0
200,9323-HGFWY,0
201,8544-GOQSH,0
202,3363-DTIVD,0
203,7018-WBJNK,0
204,9142-KZXOP,0
205,7674-YTAFD,0
206,6348-SNFUS,0
207,1285-OKIPP,1
208,7825-ECJRF,1
209,1347-KTTTA,0
210,7841-TZDMQ,1
211,4195-NZGTA,0
212,7157-SMCFK,0
213,4709-LKHYG,0
214,2504-DSHIH,0
215,0699-NDKJM,0
216,9286-BHDQG,0
217,0230-WEQUW,0
218,2040-LDIWQ,0
219,6496-JDSSB,0
220,9408-SSNVZ,1
221,4443-EMBNA,0
222,6469-MRVET,0
223,0742-MOABM,1
224,5961-VUSRV,0
225,6778-JFCMK,0
226,6341-JVQGF,0
227,2232-DMLXU,1
228,4811-JBUVU,0
229,0945-TSONX,0
230,2651-ZCBXV,0
231,3316-UWXUY,0
232,8937-RDTHP,1
233,7083-MIOPC,0
234,1984-GPTEH,0
235,1251-KRREG,1
236,0621-JFHOL,0
237,9903-LYSAB,0
238,0094-OIFMO,1
239,9227-UAQFT,0
240,7301-ABVAD,0
241,6614-FHDBO,0
242,7576-ASEJU,0
243,9058-HRZSV,0
244,4522-AKYLR,0
245,0221-WMXNQ,0
246,0303-UNCIP,0
247,9947-OTFQU,1
248,0322-YINQP,1
249,0959-WHOKV,0
250,4075-JFPGR,0
251,4629-NRXKX,1
252,9514-JDSKI,1
253,3282-ZISZV,0
254,3675-YDUPJ,0
255,4111-BNXIF,0
256,7017-VFHAY,0
257,6655-LHBYW,0
258,4959-JOSRX,1
259,5046-NUHWD,0
260,7273-TEFQD,1
261,3606-TWKGI,1
262,7529-ZDFXI,0
263,7605-BDWDC,0
264,1950-KSVVJ,0
265,0123-CRBRT,0
266,6292-TOSSS,0
267,3197-ARFOY,0
268,6323-AYBRX,1
269,7014-ZZXAW,0
270,4385-GZQXV,1
271,7633-MVPUY,0
272,6366-ZGQGL,1
273,4716-HHKQH,0
274,5940-AHUHD,1
275,6432-TWQLB,1
276,4484-GLZOU,1
277,3179-GBRWV,0
278,8645-KWHJO,0
279,4130-MZLCC,0
280,0314-TKOSI,0
281,8229-MYEJZ,0
282,2080-SRCDE,0
283,9577-WJVCQ,0
284,9512-UIBFX,1
285,6202-DYYFX,0
286,3808-HFKDE,0
287,5583-SXDAG,1
288,3488-PGMQJ,1
289,3580-REOAC,1
290,7534-BFESC,1
291,3727-OWVYD,0
292,2294-SALNE,0
293,4847-TAJYI,0
294,1563-IWQEX,0
295,8203-XJZRC,0
296,6556-DBKZF,0
297,6851-WEFYX,0
298,2985-JUUBZ,0
299,6390-DSAZX,1
300,0895-LMRSF,0
301,8098-LLAZX,1
302,8266-VBFQL,0
303,8181-YHCMF,0
304,2240-HSJQD,0
305,1248-DYXUB,0
306,0265-EDXBD,1
307,4115-BNPJY,0
308,3167-SNQPL,0
309,4091-TVOCN,0
310,1098-TDVUQ,0
311,7277-OZCGZ,0
312,1557-EMYVT,0
313,2799-ARNLO,0
314,7563-BIUPC,1
315,5027-YOCXN,0
316,3973-SKMLN,0
317,2321-OMBXY,1
318,2840-XANRC,1
319,6745-JEFZB,0
320,5020-ZSTTY,1
321,9880-TDQAC,0
322,8705-WZCYL,0
323,7102-JJVTX,0
324,8626-PTQGE,0
325,4983-CLMLV,0
326,5701-YVSVF,0
327,5804-LEPIM,1
328,5697-GOMBF,0
329,2739-CACDQ,0
330,9385-EHGDO,0
331,9498-FIMXL,0
332,2379-GYFLQ,0
333,0122-OAHPZ,1
334,2868-SNELZ,1
335,4322-RCYMT,1
336,6680-NENYN,1
337,2088-IEBAU,0
338,7982-VCELR,0
339,1343-EHPYB,1
340,6035-BXTTY,0
341,6885-PKOAM,0
342,7520-HQWJU,0
343,9639-BUJXT,0
344,5924-SNGKP,0
345,0021-IKXGC,0
346,2034-GDRCN,1
347,8966-SNIZF,0
348,6243-OZGFH,0
349,4654-DLAMQ,0
350,0513-RBGPE,0
351,5160-UXJED,0
352,4115-NZRKS,0
353,0219-YTZUE,1
354,0623-IIHUG,1
355,4572-DVCGN,1
356,3351-NGXYI,0
357,8984-EYLLL,0
358,9057-MSWCO,1
359,9833-TGFHX,0
360,9294-TDIPC,0
361,5229-DTFYB,0
362,0104-PPXDV,0
363,5176-LMJXE,0
364,3583-KRKMD,0
365,1010-DIAUQ,1
366,9069-LGEUL,0
367,7302-ZHMHP,0
368,9571-EDEBV,0
369,3520-FJGCV,0
370,6563-VRERX,0
371,0259-GBZSH,1
372,6122-EFVKN,0
373,2805-EDJPQ,0
374,6862-CQUMB,0
375,7156-MXBJE,0
376,6158-HDPXZ,0
377,9601-BRXPO,1
378,2863-IMQDR,0
379,5686-CMAWK,0
380,5651-CRHKQ,0
381,6905-NIQIN,1
382,8204-YJCLA,0
383,5167-ZFFMM,1
384,6583-SZVGP,0
385,4895-TMWIR,1
386,0533-BNWKF,1
387,1708-PBBOA,0
388,8782-LKFPK,0
389,5522-JBWMO,0
390,3597-MVHJT,0
391,9774-NRNAU,0
392,0224-RLWWD,0
393,9967-ATRFS,0
394,3951-NJCVI,0
395,2977-CEBSX,0
396,0177-PXBAT,0
397,6599-CEBNN,1
398,2519-ERQOJ,0
399,5876-QMYLD,0
400,2277-AXSDC,0
401,9442-JTWDL,0
402,0979-PHULV,1
403,3067-SVMTC,0
404,5495-GPSRW,0
405,7606-BPHHN,0
406,4742-DRORA,0
407,0111-KLBQG,0
408,4800-VHZKI,1
409,7989-CHGTL,1
410,0334-GDDSO,1
411,4163-NCJAK,0
412,5233-AOZUF,0
413,5973-EJGDP,0
414,1996-DBMUS,0
415,7916-VCCPB,0
416,4686-GEFRM,0
417,5249-QYHEX,0
418,0578-SKVMF,1
419,5564-NEMQO,1
420,2233-FAGXV,0
421,5605-IYGFG,0
422,7663-ZTEGJ,0
423,3935-TBRZZ,0
424,8111-BKVDS,0
425,2055-SIFSS,0
426,2806-MLNTI,0
427,8734-DKSTZ,0
428,4360-PNRQB,0
429,6152-ONASV,0
430,9063-ZGTUY,1
431,7781-HVGMK,0
432,2181-UAESM,0
433,2957-LOLHO,1
434,6048-NJXHX,0
435,2320-SLKMB,0
436,4980-URKXC,0
437,4376-KFVRS,0
438,5886-VLQVU,0
439,3577-AMVUX,0
440,0771-WLCLA,0
441,5628-RKIFK,0
442,0206-TBWLC,0
443,2937-FTHUR,0
444,1910-FMXJM,0
445,7752-XUSCI,1
446,4110-PFEUZ,1
447,0732-OCQOC,0
448,5168-MSWXT,0
449,1090-ESELR,0
450,8592-PLTMQ,0
451,5760-WRAHC,0
452,8847-GEOOQ,0
453,0256-LTHVJ,1
454,4785-FCIFB,0
455,8313-NDOIA,0
456,5149-CUZUJ,0
457,0942-KOWSM,0
458,4237-CLSMM,0
459,1452-VOQCH,0
460,4719-UMSIY,0
461,6614-VBEGU,0
462,0880-TKATG,1
463,3811-VBYBZ,1
464,1480-BKXGA,0
465,2996-XAUVF,0
466,9076-AXYIK,0
467,5968-XQIVE,0
468,8896-RAZCR,0
469,4640-UHDOS,1
470,4933-IKULF,0
471,3583-EKAPL,1
472,1304-BCCFO,0
473,4104-PVRPS,0
474,9399-APLBT,1
475,2359-KMGLI,1
476,3780-DDGSE,0
477,4431-EDMIQ,0
478,0306-JAELE,1
479,6227-HWPWX,1
480,0486-LGCCH,0
481,0447-BEMNG,1
482,4612-SSVHJ,0
483,5168-MQQCA,0
484,5949-XIKAE,1
485,7971-HLVXI,0
486,9094-AZPHK,0
487,3649-JPUGY,0
488,4472-LVYGI,0
489,8372-JUXUI,1
490,3552-CTCYF,0
491,6778-YSNIH,0
492,0388-EOPEX,1
493,5756-OZRIO,0
494,6579-JPICP,0
495,8205-OTCHB,1
496,4134-BSXLX,0
497,0505-SPOOW,0
498,6235-VDHOM,1
499,7783-YKGDV,1
500,4374-YMUSQ,0
501,4513-CXYIX,0
502,3957-HHLMR,0
503,7803-XOCCZ,0
504,5736-YEJAX,0
505,5609-CEBID,1
506,8981-FJGLA,0
507,7218-HKQFK,1
508,4636-QRJKY,1
509,1135-LMECX,0
510,4332-MUOEZ,0
511,8535-SFUTN,0
512,5956-VKDTT,1
513,8677-HDZEE,0
514,2475-MROZF,0
515,9412-GHEEC,1
516,3482-ABPKK,0
517,6705-LXORM,0
518,0257-ZESQC,1
519,7531-GQHME,0
520,5174-ITUMV,0
521,4109-CYRBD,0
522,0913-XWSCN,0
523,6825-UYPFK,1
524,8397-MVTAZ,1
525,0750-EBAIU,0
526,8606-CIQUL,0
527,3571-DPYUH,0
528,7601-GNDYK,0
529,0356-OBMAC,0
530,8067-NIOYM,0
531,1403-GYAFU,0
532,4234-XTNEA,0
533,1297-VQDRP,0
534,9282-IZGQK,1
535,5348-CAGXB,0
536,0621-HJWXJ,0
537,5844-QVTAT,0
538,8905-IAZPF,0
539,5394-MEITZ,0
540,6859-QNXIQ,0
541,2782-LFZVW,0
542,2866-IKBTM,0
543,1342-JPNKI,1
544,2817-NTQDO,1
545,7129-AZJDE,0
546,6986-IJDHX,1
547,2560-PPCHE,0
548,4676-MQUEA,0
549,8138-EALND,0
550,3580-HYCSP,0
551,1352-HNSAW,0
552,2075-PUEPR,0
553,1982-FEBTD,0
554,5301-GAUUY,1
555,5791-KAJFD,0
556,2654-VBVPB,0
557,1154-HYWWO,0
558,2501-XWWTZ,0
559,3716-UVSPD,0
560,6815-ABQFQ,0
561,7343-EOBEU,0
562,3701-SFMUH,0
563,6103-LIANB,0
564,7319-VENRZ,0
565,5846-NEQVZ,0
566,6967-QIQRV,0
567,5781-RFZRP,0
568,0939-YAPAF,1
569,0308-IVGOK,0
570,7293-LSCDV,0
571,7025-WCBNE,0
572,5756-JYOJT,0
573,4710-FDUIZ,1
574,6030-REHUX,0
575,9548-LIGTA,0
576,5150-LJNSR,0
577,8270-RKSAP,0
578,6522-YRBXD,0
579,2640-LYMOV,0
580,1218-VKFPE,1
581,3627-FHKBK,1
582,2865-TCHJW,1
583,1423-BMPBQ,0
584,2393-DIVAI,0
585,5192-EBGOV,1
586,4568-KNYWR,0
587,8752-IMQOS,0
588,0742-LAFQK,0
589,0795-LAFGP,0
590,0619-OLYUR,0
591,5512-IDZEI,0
592,0459-SPZHJ,0
593,0215-BQKGS,0
594,9244-ZVAPM,0
595,0719-SYFRB,1
596,8208-EUMTE,0
597,5172-MIGPM,0
598,1710-RCXUS,0
599,0374-FIUCA,0
600,5839-SUYVZ,0
601,5173-ZXXXL,0
602,1096-ADRUX,0
603,2001-MCUUW,0
604,2731-GJRDG,0
605,4723-BEGSG,0
606,6516-NKQBO,0
607,8672-OAUPW,0
608,8207-DMRVL,0
609,3419-SNJJD,1
610,6543-CPZMK,1
611,4765-OXPPD,1
612,2804-ETQDK,0
613,6689-VRRTK,0
614,7138-GIRSH,0
615,9396-ZSFLL,0
616,6464-KEXXH,0
617,7134-MJPDY,0
618,5240-CAOYT,0
619,4059-IIEBK,0
620,4881-JVQOD,0
621,0516-UXRMT,0
622,4851-BQDNX,0
623,5148-HKFIR,0
624,1009-IRMNA,1
625,3003-CMDUU,0
626,5016-IBERQ,0
627,6797-UCJHZ,0
628,2469-DTSGX,0
629,4554-YGZIH,1
630,5099-BAILX,1
631,9931-KGHOA,0
632,1775-KWJKQ,0
633,7665-VIGUD,0
634,9411-TPQQV,0
635,7207-RMRDB,1
636,7954-MLBUN,0
637,2077-DDHJK,0
638,4913-EHYUI,1
639,0195-IESCP,1
640,9574-BOSMD,0
641,4580-TMHJU,1
642,0970-ETWGE,1
643,4908-XAXAY,0
644,8404-VLQFB,0
645,1626-ERCMM,1
646,0887-HJGAR,1
647,2391-IPLOP,0
648,5644-PDMZC,1
649,3509-GWQGF,0
650,9576-ANLXO,1
651,2024-BASKD,1
652,5845-BZZIB,0
653,1140-UKVZG,0
654,4160-AMJTL,1
655,5183-SNMJQ,0
656,8100-PNJMH,0
657,7838-LAZFO,0
658,4464-JCOLN,1
659,2085-JVGAD,0
660,5650-VDUDS,1
661,8095-WANWK,0
662,3030-ZKIWL,0
663,9565-FLVCG,0
664,8755-OGKNA,0
665,2800-VEQXM,0
666,7538-GWHML,1
667,5533-RJFTJ,0
668,3859-CVCET,1
669,0214-JHPFW,0
670,5642-MHDQT,0
671,3088-FVYWK,0
672,3276-HDUEG,1
673,9092-GDZKO,0
674,0823-HSCDJ,1
675,3729-OWRVL,0
676,2324-AALNO,0
677,0822-GAVAP,1
678,5760-IFJOZ,0
679,2826-UWHIS,0
680,1448-PWKYE,1
681,7501-IWUNG,0
682,4957-TREIR,0
683,7251-LJBQN,0
684,8040-MNRTF,0
685,1536-HBSWP,0
686,5313-FPXWG,0
687,0067-DKWBL,1
688,0946-FKYTX,0
689,5076-YVXCM,0
690,8262-COGGB,0
691,6663-JOCQO,0
692,9620-QJREV,0
693,2276-YDAVZ,1
694,2682-KEVRP,0
695,2480-JZOSN,0
696,0078-XZMHT,0
697,5896-NPFWW,1
698,9978-HYCIN,0
699,8338-QIUNR,0
700,1525-LNLOJ,0
701,9450-TRJUU,0
702,1766-GKNMI,0
703,6942-LBFDP,0
704,1456-TWCGB,0
705,7133-VBDCG,1
706,7596-ZYWBB,0
707,8329-UTMVM,0
708,3014-WJKSM,0
709,3347-YJZZE,0
710,1029-QFBEN,1
711,7929-DMBCV,0
712,9661-JALZV,0
713,5433-KYGHE,0
714,4312-KFRXN,0
715,5575-TPIZQ,0
716,0114-IGABW,0
717,9944-AEXBM,0
718,1853-ARAAQ,0
719,6952-OMNWB,0
720,4697-LUPSU,0
721,8434-VGEQQ,0
722,4952-YSOGZ,1
723,1589-AGTLK,1
724,5244-IRFIH,1
725,6549-YMFAW,0
726,4950-HKQTE,0
727,6786-OBWQR,0
728,2684-EIWEO,1
729,2753-JMMCV,0
730,6439-GTPCA,1
731,6621-YOBKI,0
732,1216-JWVUX,0
733,7564-GHCVB,0
734,1173-NOEYG,0
735,7595-EHCDL,0
736,6647-ZEDXT,0
737,2521-NPUZR,0
738,1307-TVUFB,0
739,7503-MIOGA,0
740,4381-MHQDC,0
741,6923-JHPMP,0
742,5138-WVKYJ,1
743,4018-PPNDW,0
744,1635-FJFCC,0
745,2499-AJYUA,0
746,6919-ELBGL,0
747,3966-HRMZA,0
748,6425-JWTDV,0
749,8405-IGQFX,0
750,8224-IVVPA,0
751,9477-LGWQI,0
752,1410-RSCMR,0
753,3115-CZMZD,0
754,0139-IVFJG,0
755,6683-VLCTZ,1
756,5730-DBDSI,0
757,0030-FNXPP,0
758,2189-WWOEW,1
759,5684-FJVYR,0
760,4013-GUXND,0
761,1894-IGFSG,1
762,7379-POKDZ,1
763,1266-NZYUI,0
764,7969-FFOWG,0
765,4718-DHSMV,0
766,5175-WLYXL,0
767,7817-OMJNA,0
768,8728-SKJLR,0
769,3137-NYQQI,0
770,7706-DZNKK,0
771,0236-HFWSV,1
772,3900-AQPHZ,1
773,5842-POCOP,1
774,2037-XJFUP,1
775,8823-RLPWL,0
776,9505-SQFSW,0
777,7314-OXENN,1
778,3758-CKOQL,0
779,0322-CHQRU,1
780,5676-CFLYY,0
781,7521-AFHAB,0
782,0285-INHLN,0
783,4678-DVQEO,1
784,5125-CNDSP,0
785,0691-IFBQW,1
786,4992-LTJNE,0
787,2202-OUTMO,0
788,0810-BDHAW,0
789,0229-LFJAF,0
790,7131-ZQZNK,0
791,3442-ZHHCC,0
792,5726-CVNYA,0
793,9871-ELEYA,0
794,4257-GAESD,0
795,5173-WXOQV,0
796,2040-OBMLJ,0
797,6286-ZHAOK,0
798,3807-XHCJH,0
799,3009-JWMPU,1
800,5671-RQRLP,0
801,1450-GALXR,1
802,8859-AXJZP,0
803,3174-AKMAS,0
804,3138-BKYAV,1
805,9926-PJHDQ,0
806,7382-DFJTU,0
807,2798-NYLMZ,0
808,4289-DTDKW,1
809,1820-TQVEV,1
810,2239-JALAW,1
811,4853-RULSV,1
812,8098-TDCBU,0
813,3551-GAEGL,0
814,4785-NKHCX,0
815,3196-NVXLZ,0
816,6275-YDUVO,1
817,0036-IHMOT,0
818,0115-TFERT,1
819,4178-EGMON,0
820,4220-TINQT,0
821,5318-YKDPV,0
822,7975-TZMLR,0
823,0295-QVKPB,0
824,4335-BSMJS,0
825,2311-QYMUQ,1
826,3643-AHCFP,1
827,9146-JRIOX,0
828,3104-OWCGK,1
829,5337-IIWKZ,0
830,9101-BWFSS,1
831,9650-VBUOG,0
832,3487-EARAT,0
833,2672-TGEFF,0
834,9231-ZJYAM,1
835,4250-WAROZ,0
836,8184-WMOFI,0
837,6982-SSHFK,1
838,6092-QZVPP,0
839,4625-LAMOB,0
840,0727-BMPLR,1
841,0392-BZIUW,0
842,1038-ZAGBI,1
843,6549-NNDYT,0
844,3027-ZTDHO,1
845,0422-OHQHQ,0
846,6916-HIJSE,0
847,2316-ESMLS,0
848,9778-OGKQZ,0
849,7408-OFWXJ,0
850,6007-TCTST,0
851,2252-NKNSI,0
852,8713-IGZSO,0
853,7905-TVXTA,0
854,7695-PKLCZ,0
855,2382-BCKQJ,1
856,8374-UULRV,0
857,2207-NHRJK,1
858,3224-DFQNQ,0
859,5275-PMFUT,0
860,4795-UXVCJ,0
861,9777-IQHWP,0
862,0947-MUGVO,1
863,9944-HKVVB,1
864,4124-MMETB,1
865,3671-SHRSP,1
866,0979-MOZQI,0
867,2732-ISEZX,0
868,3313-QKNKB,1
869,0323-XWWTN,0
870,1937-OTUKY,0
871,1573-LGXBA,0
872,1764-VUUMT,0
873,5073-WXOYN,1
874,4713-ZBURT,0
875,3050-GBUSH,0
876,0207-MDKNV,1
877,7876-AEHIG,0
878,7945-HLKEA,0
879,9342-VNIMQ,0
880,9851-KIELU,1
881,3523-BRGUW,0
882,3908-BLSYF,1
883,3199-NPKCN,0
884,5170-PTRKA,0
885,4661-NJEUX,0
886,2123-AGEEN,0
887,1258-YMZNM,0
888,0048-LUMLS,0
889,7549-MYGPK,1
890,5898-IGSLP,0
891,3804-RVTGV,1
892,6259-WJQLC,0
893,9227-LUNBG,1
894,7997-EASSD,0
895,0730-KOAVE,0
896,8975-SKGRX,0
897,0678-RLHVP,0
898,4315-MURBD,1
899,2267-FPIMA,0
900,1051-GEJLJ,0
901,9734-YWGEX,1
902,2719-BDAQO,1
903,5285-MVEHD,0
904,0379-DJQHR,0
905,0781-LKXBR,1
906,5543-QDCRY,0
907,0297-RBCSG,0
908,4694-PHWFW,0
909,0835-JKADZ,0
910,1907-UBQFC,1
911,7508-SMHXL,0
912,3865-YIOTT,0
913,5993-BQHEA,0
914,6024-RUGGH,0
915,6513-EECDB,1
916,3956-CJUST,0
917,4079-WWQQQ,0
918,6103-BOCOU,0
919,5149-TGWDZ,0
920,7471-WNSUF,0
921,8942-DBMHZ,0
922,4301-VVZKA,0
923,9199-PWQVC,0
924,4824-GUCBY,0
925,5393-HJZSM,0
926,7074-IEVOJ,1
927,9625-QSTYE,1
928,0862-PRCBS,0
929,8812-ZRHFP,0
930,5146-CBVOE,0
931,0454-OKRCT,0
932,5787-KXGIY,0
933,4750-ZRXIU,1
934,4198-VFOEA,0
935,6630-UJZMY,0
936,5709-LVOEQ,0
937,6400-BWQKW,1
938,2692-AQCPF,0
939,0347-UBKUZ,0
940,0835-DUUIQ,0
941,0811-GSDTP,0
942,7567-ECMCM,0
943,6115-ZTBFQ,0
944,6353-BRMMA,0
945,6680-WKXRZ,1
946,6231-WFGFH,0
947,9904-EHEVJ,0
948,7028-DVOIQ,1
949,6169-PPETC,0
950,4208-UFFGW,1
951,8584-KMVXD,0
952,8467-WYNSR,0
953,0851-DFJKB,0
954,5382-SOYZL,0
955,9448-REEVD,1
956,3261-CQXOL,0
957,8388-FYNPZ,0
958,4002-BQWPQ,0
959,5651-YLPRD,0
960,2826-DXLQO,0
961,4378-BZYFP,0
962,9489-UTFKA,0
963,4849-PYRLQ,0
964,9117-SHLZX,1
965,9889-TMAHG,1
966,4541-RMRLG,1
967,7764-BDPEE,0
968,3429-IFLEM,0
969,3158-MOERK,1
970,7294-TMAOP,1
971,5002-GCQFH,0
972,0556-FJEGU,0
973,8919-FYFQZ,1
974,0604-THJFP,0
975,2834-JRTUA,1
976,5875-YPQFJ,1
977,5879-SESNB,0
978,6646-QVXLR,1
979,6461-PPAXN,0
980,3318-ISQFQ,0
981,1106-HRLKZ,0
982,2483-XSSMZ,0
983,8603-IJWDN,1
984,8165-ZJRNM,0
985,9369-XFEHK,1
986,2604-XVDAM,0
987,3717-OFRTN,0
988,9046-JBFWA,0
989,3280-NMUVX,0
990,1206-EHBDD,0
991,8361-LBRDI,0
992,4883-KCPZJ,0
993,9108-EQPNQ,0
994,7277-KAMWT,0
995,3842-IYKUE,1
996,6641-XRPSU,1
997,1374-DMZUI,1
998,2545-LXYVJ,0
999,3234-VKACU,0
1000,8357-EQXFO,1
1001,1989-PRJHP,1
1002,8120-JDCAM,0
1003,8917-FAEMR,0
1004,7047-YXDMZ,0
1005,2858-EIMXH,0
1006,9524-EGPJC,1
1007,6993-OHLXR,1
1008,8818-XYFCQ,1
1009,6419-ZTTLE,0
1010,0929-HYQEW,0
1011,6614-YOLAC,0
1012,7426-RHZGU,0
1013,4065-JJAVA,0
1014,4695-VADHF,1
1015,3863-IUBJR,1
1016,7649-SIJJF,0
1017,9361-YNQWJ,0
1018,3748-FVMZZ,0
1019,9391-TTOYH,0
1020,1452-XRSJV,0
1021,3422-WJOYD,0
1022,8242-SOQUO,0
1023,7460-ITWWP,0
1024,7147-AYBAA,0
1025,7868-TMWMZ,0
1026,4822-RVYBB,1
1027,6732-FZUGP,0
1028,8436-BJUMM,1
1029,4184-TJFAN,1
1030,8329-GWVPJ,0
1031,1352-VHKAJ,0
1032,4145-UQXUQ,1
1033,2632-TACXW,0
1034,8146-QQKZH,0
1035,1767-CJKBA,0
1036,6445-TNRXS,0
1037,4581-LNWUM,0
1038,4869-EPIUS,0
1039,9948-YPTDG,1
1040,1236-WFCDV,1
1041,1915-OAKWD,0
1042,7296-PIXQY,0
1043,4883-QICIH,1
1044,3354-OADJP,0
1045,3524-WQDSG,0
1046,0810-DHDBD,0
1047,4026-SKKHW,0
1048,2829-HYVZP,0
1049,8329-IBCTI,1
1050,1271-SJBGZ,1
1051,3845-JHAMY,0
1052,7013-PSXHK,0
1053,5669-SRAIP,1
1054,5981-ITEMU,1
1055,3486-NPGST,0
1056,6941-PMGEP,1
1057,1624-WOIWJ,1
1058,2074-GKOWZ,1
1059,0376-YMCJC,1
1060,6100-FJZDG,0
1061,4829-ZLJTK,0
1062,1730-VFMWO,0
1063,7143-BQIBA,0
1064,3800-LYTRK,0
1065,0634-SZPQA,1
1066,9646-NMHXE,0
1067,7030-NJVDP,0
1068,5536-RTPWK,1
1069,8883-GRDWQ,0
1070,6166-ILMNY,1
1071,3097-NNSPB,1
1072,7771-ZONAT,0
1073,0655-RBDUG,1
1074,2111-DWYHN,0
1075,4194-WHFCB,0
1076,4121-AGSIN,0
1077,4361-BKAXE,1
1078,9845-PEEKO,0
1079,0455-XFASS,0
1080,0301-KOBTQ,0
1081,1751-NCDLI,0
1082,4367-NUYAO,0
1083,9878-TNQGW,1
1084,9170-ARBTB,0
1085,4441-NIHPT,1
1086,8999-BOHSE,1
1087,7241-AJHFS,0
1088,7029-RPUAV,1
1089,4546-FOKWR,0
1090,9036-CSKBW,0
1091,5832-TRLPB,0
1092,8590-YFFQO,0
1093,8659-IOOPU,0
1094,1338-CECEE,0
1095,7439-DKZTW,0
1096,4646-QZXTF,0
1097,4607-CHPCA,1
1098,9742-XOKTS,0
1099,6921-OZMFH,0
1100,9578-FOMUK,0
1101,4712-UYOOI,0
1102,8824-RWFXJ,1
1103,7722-CVFXN,0
1104,8717-VCTXJ,0
1105,7363-QTBIW,0
1106,4159-NAAIX,0
1107,0971-QIFJK,0
1108,9397-TZSHA,0
1109,3391-JSQEW,0
1110,0343-QLUZP,0
1111,9763-PDTKK,1
1112,2176-LVPNX,0
1113,7627-JKIAZ,1
1114,3312-UUMZW,0
1115,1271-UODNO,0
1116,8461-EFQYM,0
1117,6900-RBKER,0
1118,6891-JPYFF,0
1119,1459-QNFQT,0
1120,1047-NNCBF,0
1121,3696-XRIEN,0
1122,4081-DYXAV,1
1123,0074-HDKDG,0
1124,8791-GFXLZ,0
1125,8111-SLLHI,1
1126,0927-LCSMG,1
1127,9330-DHBFL,0
1128,0098-BOWSO,0
1129,3452-ABWRL,0
1130,5859-HZYLF,0
1131,8257-RZAHR,1
1132,5293-WXJAK,1
1133,3156-QLHBO,0
1134,2208-NQBCT,0
1135,1779-PWPMG,0
1136,6621-NRZAK,0
1137,0831-JNISG,0
1138,0774-IFUVM,0
1139,3082-WQRVY,0
1140,9553-DLCLU,0
1141,1641-BYBTK,0
1142,2460-NGXBJ,0
1143,2446-ZKVAF,0
1144,0841-NULXI,1
1145,3522-CDKHF,0
1146,1430-SFQSA,0
1147,0411-EZJZE,0
1148,7851-WZEKY,1
1149,8844-TONUD,1
1150,8807-ARQET,0
1151,8992-CEUEN,0
1152,4320-QMLLA,0
1153,8777-PVYGU,0
1154,8292-ITGYJ,0
1155,6870-ZWMNX,0
1156,0621-CXBKL,0
1157,5268-DSMNQ,0
1158,5334-JLAXU,0
1159,4086-YQSNZ,1
1160,6242-MBHPK,0
1161,5868-CZJDR,1
1162,9359-UGBTK,0
1163,0135-NMXAP,1
1164,4782-OSFXZ,0
1165,6479-OAUSD,0
1166,7129-ACFOG,0
1167,4189-NAKJS,0
1168,5562-BETPV,0
1169,1282-IHQAC,0
1170,9127-FHJBZ,0
1171,6270-OMFIW,1
1172,1641-RQDAY,0
1173,0107-WESLM,1
1174,6994-ORCWG,0
1175,1346-UFHAX,0
1176,3992-YWPKO,1
1177,2933-XEUJM,0
1178,0125-LZQXK,1
1179,5461-QKNTN,0
1180,4835-YSJMR,0
1181,8399-YNDCH,1
1182,3164-YAXFY,0
1183,0887-WBJVH,0
1184,4660-IRIBM,0
1185,5673-FSSMF,1
1186,7670-ZBPOQ,0
1187,8089-UZWLX,0
1188,0080-OROZO,0
1189,3916-NRPAP,0
1190,6807-SIWJI,0
1191,8221-HVAYI,0
1192,1579-KLYDT,1
1193,5232-NXPAY,0
1194,8967-SZQAS,0
1195,4468-KAZHE,0
1196,0455-ENTCR,0
1197,8944-AILEF,0
1198,5542-NKVRU,0
1199,7126-RBHSD,0
1200,5370-IIVVL,0
1201,6789-HJBWG,0
1202,3927-NLNRY,1
1203,9087-EYCPR,0
1204,6791-YBNAK,0
1205,6358-LYNGM,1
1206,6077-BDPXA,0
1207,0013-MHZWF,0
1208,5494-HECPR,1
1209,8268-YDIXR,0
1210,9824-BEMCV,1
1211,1373-ORVIZ,1
1212,4291-SHSBH,0
1213,6980-IMXXE,0
1214,9866-QEVEE,1
1215,9897-KXHCM,1
1216,0040-HALCW,0
1217,0784-GTUUK,0
1218,7979-CORPM,1
1219,2294-DMMUS,0
1220,0872-JCPIB,0
1221,3055-MJDSB,0
1222,9091-WTUUY,0
1223,1618-CFHME,1
1224,3165-HDOEW,1
1225,6581-NQCBA,1
1226,7115-IRDHS,0
1227,8496-DMZUK,0
1228,2040-VZIKE,0
1229,9068-VPWQQ,0
1230,0178-SZBHO,0
1231,0384-RVBPI,0
1232,1689-MRZQR,1
1233,1299-AURJA,0
1234,4525-VZCZG,0
1235,1543-LLLFT,0
1236,5835-BEQEU,1
1237,2788-CJQAQ,0
1238,5565-FILXA,1
1239,0319-QZTCO,0
1240,2120-SMPEX,0
1241,0096-FCPUF,0
1242,0668-OGMHD,0
1243,5552-ZNFSJ,1
1244,2223-KAGMX,1
1245,6507-ZJSUR,0
1246,9408-HRXRK,0
1247,5593-SUAOO,0
1248,7321-PKUYW,1
1249,2833-SLKDQ,1
1250,6766-HFKLA,0
1251,7595-EUIVN,1
1252,7617-EYGLW,0
1253,2026-TGDHM,1
1254,9220-ZNKJI,0
1255,4030-VPZBD,1
1256,2226-ICFDO,0
1257,0723-VSOBE,0
1258,5529-GIBVH,0
1259,4187-CINZD,1
1260,9992-UJOEL,0
1261,4741-WWJQZ,0
1262,6625-UTXEW,0
1263,6818-WOBHJ,1
1264,6244-BESBM,0
1265,1004-NOZNR,0
1266,1251-STYSZ,0
1267,2612-PHGOX,0
1268,2408-TZMJL,1
1269,8480-PPONV,0
1270,8780-IHCRN,0
1271,4598-ZADCK,0
1272,1257-SXUXQ,0
1273,9681-KYGYB,0
1274,7182-OVLBJ,0
1275,5095-ETBRJ,0
1276,7005-CYUIL,0
1277,4821-WQOYN,0
1278,4730-AWNAU,0
1279,3452-FLHYD,0
1280,2388-LAESQ,0
1281,9531-NSBMR,0
1282,6260-ONULR,0
1283,4389-UEFCZ,0
1284,8711-LOBKY,0
1285,9134-CEQMF,1
1286,8985-OOPOS,0
1287,8800-ZKRFW,0
1288,2616-FLVQC,0
1289,9968-FFVVH,0
1290,3108-PCCGG,0
1291,7993-PYKOF,1
1292,8390-FESFV,0
1293,3022-BEXHZ,0
1294,5027-XWQHA,1
1295,6248-TKCQV,0
1296,6729-GDNGC,0
1297,6198-ZFIOJ,0
1298,5989-OMNJE,0
1299,4566-QVRRW,1
1300,1291-CUOCY,0
1301,9795-SHUHB,0
1302,3230-IUALN,0
1303,0042-RLHYP,0
1304,8519-IMDHU,1
1305,4945-RVMTE,0
1306,0201-OAMXR,1
1307,1866-NXPSP,0
1308,3372-KWFBM,1
1309,7831-QGOXH,1
1310,6393-WRYZE,1
1311,3941-XTSKM,0
1312,1661-CZBAU,0
1313,6599-RCLCJ,1
1314,9831-BPFRI,1
1315,5158-RIVOP,0
1316,9788-YTFGE,0
1317,9277-JOOMO,0
1318,1907-YLNYW,0
1319,1725-MIMXW,1
1320,8947-YRTDV,0
1321,3161-ONRWK,0
1322,0114-RSRRW,0
1323,4565-NLZBV,0
1324,0031-PVLZI,1
1325,7206-GZCDC,1
1326,6682-VCIXC,0
1327,4791-QRGMF,1
1328,6475-VHUIZ,0
1329,3910-MRQOY,0
1330,0661-WCQNQ,0
1331,7537-RBWEA,0
1332,4656-CAURT,0
1333,0121-SNYRK,0
1334,1768-ZAIFU,1
1335,4671-LXRDQ,1
1336,3733-LSYCE,0
1337,6265-FRMTQ,0
1338,1934-SJVJK,1
1339,3838-OZURD,1
1340,1371-DWPAZ,0
1341,9269-CQOOL,1
1342,2017-CCBLH,0
1343,7690-KPNCU,0
1344,0536-BGFMZ,0
1345,2293-IJWPS,0
1346,2845-HSJCY,1
1347,5469-NUJUR,0
1348,1184-PJVDB,1
1349,2625-TRCZQ,0
1350,4102-HLENU,0
1351,7266-GSSJX,0
1352,7722-VJRQD,0
1353,7073-QETQY,0
1354,9415-DPEWS,1
1355,5624-RYAMH,0
1356,0196-JTUQI,0
1357,7130-YXBRO,0
1358,9272-LSVYH,0
1359,7943-RQCHR,1
1360,3793-MMFUH,1
1361,3249-ZPQRG,1
1362,2568-BRGYX,1
1363,3084-DOWLE,0
1364,1084-MNSMJ,0
1365,7721-JXEAW,1
1366,7249-WBIYX,1
1367,4238-HFHSN,0
1368,6250-CGGUN,0
1369,5478-JJVZK,0
1370,7596-IIWYC,0
1371,6567-HOOPW,1
1372,9793-WECQC,0
1373,4291-HPAXL,0
1374,8999-YPYBV,0
1375,1839-FBNFR,0
1376,3164-AALRN,1
1377,3071-MVJCD,0
1378,1697-BCSHV,0
1379,0562-KBDVM,0
1380,1131-SUEKT,0
1381,3717-OEAUQ,0
1382,4538-WNTMJ,0
1383,3334-CTHOL,1
1384,4704-ERYFC,1
1385,9432-RUVSL,0
1386,8060-HIWJJ,0
1387,7684-XSZIY,0
1388,9089-UOWJG,0
1389,8621-MNIHH,1
1390,8039-ACLPL,0
1391,9885-AIBVB,0
1392,1934-MKPXS,0
1393,2592-YKDIF,0
1394,2272-JKMSI,0
1395,0471-LVHGK,1
1396,9518-RWHZL,1
1397,8714-CTZJW,0
1398,3569-EDBPQ,0
1399,3131-NWVFJ,0
1400,7521-YXVZY,0
1401,5419-CONWX,1
1402,6240-EURKS,1
1403,2373-NTKOD,0
1404,1970-KKFWL,0
1405,6960-HVYXR,1
1406,9337-SRRNI,0
1407,0895-UADGO,0
1408,5678-VFNEQ,0
1409,5977-CKHON,0
1410,7024-OHCCK,1
1411,2692-BUCFV,0
1412,7861-UVUFT,1
1413,1830-GGFNM,0
1414,5302-BDJNT,0
1415,5223-UZAVK,0
1416,4859-ZSRDZ,0
1417,5651-WYIPH,0
1418,9350-VLHMB,0
1419,3498-LZGQZ,0
1420,8785-CJSHH,0
1421,5357-TZHPP,1
1422,3870-SPZSI,0
1423,0680-DFNNY,1
1424,7560-QRBXH,0
1425,7077-XJMET,0
1426,8752-GHJFU,0
1427,6896-SRVYQ,0
1428,7767-UXAGJ,1
1429,4652-ODEVH,0
1430,6510-UPNKS,0
1431,6718-BDGHG,0
1432,9046-DQMTP,0
1433,6439-LAJXL,0
1434,1571-SAVHK,1
1435,9052-VKDUW,0
1436,9546-CQJSU,1
1437,1666-JZPZT,0
1438,5777-KJIRB,0
1439,0506-LVNGN,1
1440,7677-SJJJK,0
1441,2480-EJWYP,0
1442,3253-HKOKL,0
1443,7055-HNEOJ,0
1444,5514-YQENT,0
1445,3211-AAPKX,0
1446,8445-DNBAE,0
1447,2951-QOQTK,1
1448,2958-NHPPS,0
1449,6806-YDEUL,0
1450,1735-XMJVH,0
1451,6890-PFRQX,0
1452,0222-CNVPT,0
1453,5899-OUVKV,0
1454,8681-ICONS,0
1455,1621-YNCJH,0
1456,3473-XIIIT,1
1457,6362-QHAFM,0
1458,7893-IXHRQ,1
1459,3070-BDOQC,0
1460,2952-QAYZF,1
1461,6234-PFPXL,0
1462,9824-QCJPK,0
1463,4763-PGDPO,1
1464,4283-IVYCI,0
1465,1866-OBPNR,0
1466,8205-MQUGY,0
1467,8970-ANWXO,0
1468,9480-BQJEI,0
1469,5394-SVGJV,1
1470,6979-TNDEU,0
1471,9777-WJJPR,0
1472,9283-LZQOH,1
1473,7079-QRCBC,1
1474,9495-SKLKD,0
1475,6048-UWKAL,0
1476,5067-DGXLL,0
1477,5469-CTCWN,1
1478,9851-QXEEQ,1
1479,6281-FKEWS,0
1480,8898-KASCD,0
1481,9242-TKFSV,0
1482,9290-SHCMB,0
1483,0743-HNPFG,0
1484,2277-BKJKN,0
1485,9809-IMGCQ,1
1486,5208-HFSBT,1
1487,5035-PGZXH,0
1488,8695-WDYEA,0
1489,6543-JXSOO,0
1490,8016-ZMGMO,0
1491,8605-ITULD,0
1492,3254-YRILK,1
1493,6416-YJTTB,0
1494,2667-WYLWJ,1
1495,4472-VESGY,0
1496,3195-TQDZX,0
1497,3128-YOVTD,0
1498,0529-ONKER,1
1499,1728-CXQBE,0
1500,7041-TXQJH,0
1501,5014-GSOUQ,0
1502,5724-BIDBU,0
1503,0481-SUMCB,0
1504,1769-GRUIK,0
1505,5240-IJOQT,1
1506,8819-WFGGJ,0
1507,7427-AUFPY,0
1508,2811-POVEX,0
1509,1092-GANHU,1
1510,7898-PDWQE,0
1511,9972-EWRJS,0
1512,9314-IJWSQ,0
1513,0661-XEYAN,1
1514,5799-JRCZO,0
1515,1921-KYSAY,0
1516,6198-RTPMF,0
1517,2924-KHUVI,0
1518,1925-GMVBW,0
1519,7881-EVUAD,1
1520,6184-DYUOB,0
1521,9207-ZPANB,0
1522,5766-XQXMQ,1
1523,9327-QSDED,0
1524,1656-DRSMG,0
1525,3012-VFFMN,0
1526,2984-AFWNC,0
1527,0640-YJTPY,0
1528,8096-LOIST,0
1529,9764-REAFF,0
1530,3703-VAVCL,1
1531,7107-UBYKY,0
1532,4881-GQJTW,0
1533,8519-QJGJD,1
1534,7876-DNYAP,0
1535,7905-NJMXS,0
1536,2882-WDTBA,0
1537,2091-GPPIQ,0
1538,6326-MTTXK,1
1539,5071-FBJFS,0
1540,2796-UUZZO,0
1541,2429-AYKKO,0
1542,9798-OPFEM,0
1543,0330-IVZHA,1
1544,3794-NFNCH,0
1545,5193-QLVZB,0
1546,7114-AEOZE,0
1547,2886-KEFUM,1
1548,5522-NYKPB,0
1549,4237-RLAQD,1
1550,9957-YODKZ,0
1551,6518-KZXCB,0
1552,2245-ADZFJ,0
1553,7776-QGYJC,0
1554,9313-QOLTZ,0
1555,9651-GTSAQ,1
1556,3186-BAXNB,1
1557,4672-FOTSD,0
1558,0637-YLETY,1
1559,9818-XQCUV,0
1560,7338-ERIVA,0
1561,1157-BQCUW,1
1562,8259-NFJTV,0
1563,3223-DWFIO,0
1564,2660-EMUBI,1
1565,6968-GMKPR,0
1566,4751-ERMAN,0
1567,1436-ZMJAN,0
1568,3292-PBZEJ,0
1569,0799-DDIHE,0
1570,3070-FNFZQ,0
1571,2812-SFXMJ,0
1572,7675-OZCZG,1
1573,5014-WUQMG,0
1574,5312-TSZVC,0
1575,2003-CKLOR,1
1576,0993-OSGPT,0
1577,9254-RBFON,1
1578,1205-WNWPJ,1
1579,9391-EOYLI,1
1580,7108-DGVUU,0
1581,2782-JEEBU,0
1582,5127-BZENZ,0
1583,2720-FVBQP,0
1584,9906-NHHVC,0
1585,4522-XRWWI,0
1586,3766-EJLFL,0
1587,5939-SXWHM,0
1588,8152-UOBNY,0
1589,7351-KYHQH,0
1590,7643-RCHXS,0
1591,8246-SHFGA,0
1592,8387-MOJJT,1
1593,0620-XEFWH,0
1594,6485-QXWWE,0
1595,2761-OCIAX,1
1596,7321-VGNKU,0
1597,5327-CNLUQ,0
1598,7552-KEYGT,0
1599,5816-JMLGY,0
1600,3068-OMWZA,1
1601,2927-QRRQV,0
1602,6032-KRXXO,1
1603,7459-RRWQZ,1
1604,6265-SXWBU,0
1605,7941-RCJOW,0
1606,6374-NTQLP,0
1607,4154-AQUGT,1
1608,2387-KDZQY,0
1609,3584-WKTTW,0
1610,3399-BMLVW,0
1611,1971-DTCZB,0
1612,3092-IGHWF,1
1613,3374-PZLXD,0
1614,3813-DHBBB,0
1615,2812-REYAT,0
1616,6518-PPLMZ,0
1617,4939-KYYPY,0
1618,8017-LXHFA,1
1619,5930-GBIWP,0
1620,6022-KOUQO,0
1621,6352-TWCAU,1
1622,2361-UPSND,0
1623,6035-RIIOM,0
1624,2929-QNSRW,1
1625,1262-OPMFY,1
1626,9504-DSHWM,0
1627,5035-BVCXS,0
1628,6267-DCFFZ,0
1629,3533-UVMOM,0
1630,2439-LYPMQ,0
1631,4248-QPAVC,1
1632,1899-VXWXM,1
1633,1478-VPOAD,0
1634,9995-HOTOH,0
1635,2988-PLAHS,0
1636,1371-OJCEK,0
1637,4999-IEZLT,0
1638,8883-ANODQ,0
1639,4690-LLKUA,1
1640,2351-RRBUE,0
1641,5980-BDHPY,0
1642,1498-DQNRX,0
1643,9469-WEJBT,0
1644,3331-HQDTW,1
1645,9490-DFPMD,1
1646,2581-VKIRT,0
1647,5442-XSDCW,1
1648,7426-WEIJX,0
1649,2851-MMUTZ,0
1650,3049-NDXFL,1
1651,8580-AECUZ,1
1652,3307-TLCUD,0
1653,6625-FLENO,0
1654,2967-MXRAV,0
1655,7963-GQRMY,1
1656,8189-HBVRW,0
1657,4163-KIUHY,0
1658,1228-FZFRV,1
1659,3500-NSDOA,0
1660,1171-TYKUR,0
1661,3761-FLYZI,0
1662,2058-DCJBE,1
1663,5364-XYIRR,1
1664,4829-AUOAX,1
1665,1219-NNDDO,0
1666,8388-DMKAE,0
1667,4403-BWPAY,0
1668,9659-QEQSY,0
1669,5405-ZMYXQ,0
1670,5047-LHVLY,1
1671,1442-OKRJE,0
1672,4737-AQCPU,0
1673,9158-VCTQB,1
1674,2808-CHTDM,0
1675,6311-UEUME,1
1676,0793-TWELN,0
1677,3283-WCWXT,0
1678,1060-ENTOF,0
1679,0999-QXNSA,0
1680,5451-MHQOF,0
1681,4836-WNFNO,0
1682,9225-BZLNZ,0
1683,0354-VXMJC,0
1684,4422-QVIJA,0
1685,9365-SRSZE,0
1686,6839-ITVZJ,1
1687,8332-OSJDW,0
1688,4735-BJKOU,0
1689,0274-JKUJR,0
1690,5740-YHGTW,0
1691,8917-SZTTJ,0
1692,1696-MZVAU,0
1693,7359-WWYJV,0
1694,0375-HVGXO,1
1695,4906-ZHGPK,0
1696,8593-WHYHV,1
1697,3795-GWTRD,0
1698,1298-PHBTI,0
1699,6223-DHJGV,0
1700,6961-MJKBO,0
1701,6097-EQISJ,1
1702,4423-YLHDV,1
1703,8158-WPEZG,0
1704,0107-YHINA,1
1705,4918-FYJNT,0
1706,0727-BNRLG,0
1707,4854-CIDCF,0
1708,8640-SDGKB,1
1709,3280-MRDOF,0
1710,6435-SRWBJ,0
1711,9964-WBQDJ,0
1712,6303-KFWSL,0
1713,1702-CCFNJ,0
1714,8932-CZHRQ,0
1715,0386-CWRGM,0
1716,5515-RUGKN,0
1717,0404-AHASP,0
1718,7279-NMVJC,0
1719,2081-VEYEH,0
1720,6407-UTSLV,0
1721,4116-TZAQJ,1
1722,9060-HJJRW,0
1723,2587-YNLES,0
1724,7398-SKNQZ,0
1725,5935-FCCNB,0
1726,1958-RNRKS,0
1727,5136-RGMZO,0
1728,8345-MVDYC,0
1729,8226-BXGES,0
1730,3877-JRJIP,1
1731,8375-DKEBR,1
1732,9705-IOVQQ,0
1733,1015-OWJKI,0
1734,7511-YMXVQ,1
1735,2040-XBAVJ,0
1736,7551-JOHTI,1
1737,8887-IPQNC,0
1738,8646-JCOMS,0
1739,9804-ICWBG,1
1740,1222-KJNZD,0
1741,0106-GHRQR,0
1742,5318-IXUZF,1
1743,3768-VHXQO,0
1744,8952-WCVCD,0
1745,2418-TPEUN,0
1746,3963-RYFNS,0
1747,3198-VELRD,1
1748,8540-ZQGEA,0
1749,1320-REHCS,0
1750,4137-JOPHL,0
1751,9436-ZBZCT,1
1752,7801-CEDNV,0
1753,2057-BOYKM,0
1754,3658-QQJYD,0
1755,1803-BGNBD,0
1756,0134-XWXCE,0
1757,6950-TWMYB,0
1758,5848-FHRFC,0
1759,2243-FNMMI,0
1760,2511-MORQY,0
1761,5356-KZCKT,0
1762,9470-XCCEM,0
1763,6519-CFDBX,0
1764,3902-MIVLE,0
1765,0409-WTMPL,0
1766,8763-KIAFH,0
1767,3669-WHAFY,0
1768,3055-VTCGS,0
1769,3144-KMTWZ,0
1770,7279-BUYWN,1
1771,7156-MHUGY,1
1772,7198-GLXTC,1
1773,2007-QVGAW,0
1774,5207-PLSTK,0
1775,2307-FYNNL,0
1776,5605-XNWEN,0
1777,2155-AMQRX,0
1778,6181-AXXYF,0
1779,5091-HFAZW,0
1780,0516-VRYBW,1
1781,2519-LBNQL,0
1782,8623-ULFNQ,0
1783,8380-PEFPE,1
1784,5687-DKDTV,1
1785,1568-LJSZU,0
1786,7530-HDYDS,1
1787,7789-HKSBS,0
1788,7416-CKTEP,0
1789,2586-CWXVV,0
1790,3096-IZETN,1
1791,2348-KCJLT,0
1792,8401-EMUWF,0
1793,4193-IBKSW,0
1794,5377-NDTOU,0
1795,5922-ABDVO,1
1796,2474-LCNUE,0
1797,0839-QNXME,0
1798,3506-OVLKD,0
1799,9172-ANCRX,1
1800,6650-VJONK,0
1801,2178-PMGCJ,0
1802,7492-TAFJD,0
1803,2773-MADBQ,0
1804,6016-LVTJQ,0
1805,7860-KSUGX,0
1806,8966-KZXXA,0
1807,6910-HADCM,1
1808,4816-LXZYW,1
1809,9606-PBKBQ,1
1810,5149-QYTTU,0
1811,2070-XYMFH,0
1812,2085-BOJKI,0
1813,0817-HSUSE,0
1814,5442-PPTJY,0
1815,1927-QEWMY,0
1816,1663-MHLHE,0
1817,5663-QBGIS,0
1818,4450-MDZFX,0
1819,6701-DHKWQ,0
1820,7554-AKDQF,0
1821,3536-IQCTX,1
1822,4911-BANWH,1
1823,8496-EJAUI,1
1824,0794-YVSGE,0
1825,5423-BHIXO,0
1826,6908-VVYHM,0
1827,2959-EEXWB,0
1828,1839-UMACK,0
1829,3030-YDNRM,0
1830,7321-KKSDU,0
1831,3402-XRIUO,0
1832,3132-TVFDZ,1
1833,8286-AFUYI,0
1834,8080-DDEMJ,1
1835,8356-WUAOJ,0
1836,6365-MTGZX,1
1837,1349-WXNGG,1
1838,8058-DMYRU,0
1839,9350-ZXYJC,0
1840,6990-YNRIO,1
1841,8958-JPTRR,0
1842,6959-GQEGV,0
1843,3173-WSSUE,0
1844,1265-HVPZB,0
1845,4115-UMJFQ,0
1846,7369-TRPFD,0
1847,1098-KFQEC,0
1848,7190-XHTWJ,0
1849,0621-TWIEM,1
1850,3537-RYBHH,0
1851,2485-ITVKB,1
1852,3669-OYSJI,1
1853,1612-EOHDH,1
1854,6702-OHFWR,1
1855,5296-BFCYD,0
1856,4510-PYUSH,1
1857,9359-JANWS,0
1858,7517-SAWMO,1
1859,4143-HHPMK,1
1860,3279-DYZQM,0
1861,7054-LGEQW,1
1862,0523-VNGTF,0
1863,9575-IWCAZ,0
1864,7105-MXJLL,0
1865,7064-FRRSW,0
1866,7940-UQQUG,0
1867,0923-PNFUB,1
1868,3961-SXAXY,0
1869,7010-BRBUU,0
1870,3566-HJGPK,0
1871,3062-ICYZQ,0
1872,9938-PRCVK,0
1873,0973-KYVNF,0
1874,5129-HHMZC,0
1875,9637-CDTKZ,0
1876,3946-JEWRQ,0
1877,7873-CVMAW,0
1878,0463-WZZKO,0
1879,3494-JCHRQ,1
1880,6474-FVJLC,1
1881,4524-QCSSM,0
1882,5832-EXGTT,0
1883,8840-DQLGN,1
1884,2039-JONDJ,0
1885,7217-JYHOQ,0
1886,6695-FRVEC,0
1887,4547-LYTDD,1
1888,9894-QMIMJ,0
1889,8069-YQQAJ,0
1890,6770-XUAGN,1
1891,4193-ORFCL,1
1892,1636-NTNCO,0
1893,3466-WAESX,0
1894,9281-PKKZE,0
1895,3638-VBZTA,0
1896,7459-IMVYU,0
1897,7776-QWNFX,1
1898,6689-TCZHQ,1
1899,8563-OYMQY,0
1900,0754-EEBDC,0
1901,5777-ZPQNC,0
1902,1951-IEYXM,0
1903,3318-NMQXL,0
1904,3143-ILDAL,1
1905,1022-RKXDR,0
1906,2361-FJWNO,0
1907,2272-UOINI,0
1908,8232-UTFOZ,0
1909,3750-YHRYO,0
1910,6637-KYRCV,0
1911,5668-MEISB,0
1912,0129-QMPDR,0
1913,7188-CBBBA,0
1914,5356-CSVSQ,0
1915,3221-CJMSG,0
1916,4720-VSTSI,1
1917,3219-JQRSL,0
1918,2801-NISEI,0
1919,3946-MHCZW,1
1920,4623-ZKHLY,0
1921,6732-VAILE,0
1922,8201-AAXCB,0
1923,7696-CFTAT,0
1924,1845-CSBRZ,0
1925,2123-VSCOT,0
1926,6651-AZVTJ,1
1927,4566-GOLUK,1
1928,2484-DGXPZ,1
1929,2018-QKYGT,0
1930,2792-VPPET,0
1931,7409-JURKQ,0
1932,3247-MHJKM,0
1933,1964-SVLEA,0
1934,4587-NUKOX,1
1935,7297-DVYGA,0
1936,2239-CGBUZ,0
1937,0854-UYHZD,0
1938,7243-LCGGZ,0
1939,8267-KFGYD,0
1940,4890-VMUAV,0
1941,9261-WDCAF,0
1942,3764-MNMOI,0
1943,7442-YGZFK,0
1944,0420-BWTPW,1
1945,8229-BUJHX,0
1946,7449-HVPIV,0
1947,5504-WSIUR,0
1948,8183-ONMXC,1
1949,8466-PZBLH,0
1950,9614-RMGHA,1
1951,8735-IJJEG,0
1952,0564-MUUQK,0
1953,5054-IEXZT,1
1954,5834-ASPWA,1
1955,0701-RFGFI,0
1956,0019-EFAEP,0
1957,5619-PTMIK,0
1958,3737-XBQDD,0
1959,5882-CMAZQ,0
1960,5846-QFDFI,0
1961,4445-KWOKW,0
1962,3511-APPBJ,0
1963,7967-HYCDE,0
1964,2430-RRYUW,0
1965,3948-XHGNA,1
1966,3723-BFBGR,0
1967,0565-IYCGT,1
1968,5447-WZAFP,0
1969,5110-CHOPY,0
1970,5445-UTODQ,1
1971,4425-OWHWB,0
1972,7892-QVYKW,0
1973,9675-ICXCT,0
1974,1024-VRZHF,1
1975,4703-MQYKT,0
1976,9497-QCMMS,1
1977,5692-ICXLW,0
1978,0602-DDUML,0
1979,2208-MPXIO,0
1980,1960-UYCNN,0
1981,0348-SDKOL,1
1982,3190-FZATL,0
1983,7336-RLLRH,0
1984,4373-MAVJG,1
1985,8901-HJXTF,1
1986,7710-JSYOA,0
1987,5419-KLXBN,1
1988,3424-NMNBO,1
1989,9885-MFVSU,0
1990,4514-GFCFI,1
1991,0607-MVMGC,0
1992,3365-SAIGS,0
1993,9828-AOQLM,1
1994,8022-BECSI,0
1995,8000-REIQB,1
1996,9993-LHIEB,0
1997,0266-CLZKZ,0
1998,7615-ESMYF,1
1999,3858-VOBET,1
2000,7020-OZKXZ,0
